source,department_id,page,rank_on_page,item_id,item_code,name,description,price,uom,min_qty,max_qty,slab_qty,stock_in_hand,average_sale,is_available,is_selling_today,is_featured,is_sponsored,is_promotion_applied,discount_value,promotion_discount_value,discounted_total,department_code,sub_department_code,category_code,image_url,merchant_id,scraped_date
keells,16,1,0,70018,916002,Ambarella,AMBARELLA,420.0,KG,0.2,5.0,0.1,0.7,0.1,True,True,False,False,False,0,0,0,V,VWB,VWB66,https://essstr.blob.core.windows.net/essimg/350x/Small/Pic916002.jpg,1,2026-08-07
keells,16,1,1,40543,914000,Ash Plantains,ASH PLANTAINS,180.0,KG,0.5,5.0,0.5,500.0,0.61,True,True,False,False,False,0,0,0,V,VWB,VWB66,https://essstr.blob.core.windows.net/essimg/350x/Small/Pic914000.jpg,1,2026-08-07
keells,16,1,2,40547,914004,Batana,BATANA,260.0,KG,0.5,99.0,0.5,1.0,0.13,True,True,False,False,False,0,0,0,V,VWB,VWB66,https://essstr.blob.core.windows.net/essimg/350x/Small/Pic914004.jpg,1,2026-08-07
keells,16,1,3,40325,913005,Bell Pepper Green,BELL PEPPER GREEN,1200.0,KG,0.3,5.0,0.3,2.21,0.02,True,True,False,False,False,0,0,0,V,VWB,VWB66,https://essstr.blob.core.windows.net/essimg/350x/Small/Pic913005.jpg,1,2026-08-07
keells,16,1,4,40326,913006,Bell Pepper Red,BELL PEPPER RED,1650.0,KG,0.3,5.0,0.3,1.72,0.1,True,True,False,False,False,0,0,0,V,VWB,VWB66,https://essstr.blob.core.windows.net/essimg/350x/Small/Pic913006.jpg,1,2026-08-07
keells,16,1,5,40327,913007,Bell Pepper Yellow,BELL PEPPER YELLOW,1800.0,KG,0.3,5.0,0.3,2.99,0.02,True,True,False,False,False,0,0,0,V,VWB,VWB66,https://essstr.blob.core.windows.net/essimg/350x/Small/Pic913007.jpg,1,2026-08-07
keells,16,1,6,40549,914006,Big Onions,BIG ONIONS,300.0,KG,0.5,5.0,0.1,500.0,3.62,True,True,False,False,False,0,0,0,V,VWB,VWB66,https://essstr.blob.core.windows.net/essimg/350x/Small/Pic914006.jpg,1,2026-08-07
keells,16,1,7,40550,914007,Bitter Gourd,BITTER GOURD,390.0,KG,0.3,5.0,0.2,500.0,0.65,True,True,False,False,False,0,0,0,V,VWB,VWB66,https://essstr.blob.core.windows.net/essimg/350x/Small/Pic914007.jpg,1,2026-08-07
keells,16,1,8,40551,914008,Brinjals,BRINJALS,540.0,KG,0.3,5.0,0.1,500.0,0.83,True,True,False,False,False,0,0,0,V,VWB,VWB66,https://essstr.blob.core.windows.net/essimg/350x/Small/Pic914008.jpg,1,2026-08-07
keells,16,1,9,40328,913008,Broccoli,BROCCOLI,1980.0,KG,0.3,5.0,0.3,0.74,0.02,True,True,False,False,False,0,0,0,V,VWB,VWB66,https://essstr.blob.core.windows.net/essimg/350x/Small/Pic913008.jpg,1,2026-08-07
keells,16,1,10,40688,915005,Cabbage,CABBAGE,220.0,KG,0.5,5.0,0.5,500.0,1.29,True,True,False,False,False,0,0,0,V,VWB,VWB66,https://essstr.blob.core.windows.net/essimg/350x/Small/Pic915005.jpg,1,2026-08-07
keells,16,1,11,40333,913012,Cabbage Leaves,CABBAGE LEAVES,320.0,KG,0.2,5.0,0.1,2.23,0.23,True,True,False,False,False,0,0,0,V,VWB,VWB66,https://essstr.blob.core.windows.net/essimg/350x/Small/Pic913012.jpg,1,2026-08-07
keells,16,2,12,40689,915006,Capsicum,CAPSICUM,890.0,KG,0.3,5.0,0.1,500.0,0.33,True,True,False,False,False,0,0,0,V,VWB,VWB66,https://essstr.blob.core.windows.net/essimg/350x/Small/Pic915006.jpg,1,2026-08-07
keells,16,2,13,40690,915007,Carrot,CARROT,420.0,KG,0.3,5.0,0.2,500.0,1.61,True,True,False,False,False,0,0,0,V,VWB,VWB66,https://essstr.blob.core.windows.net/essimg/350x/Small/Pic915007.jpg,1,2026-08-07
keells,16,2,14,40335,913014,Cauliflower,CAULIFLOWER,400.0,KG,0.5,5.0,0.5,500.0,0.2,True,True,False,False,False,0,0,0,V,VWB,VWB66,https://essstr.blob.core.windows.net/essimg/350x/Small/Pic913014.jpg,1,2026-08-07
keells,16,2,15,40336,913015,Celery,CELERY,2310.0,KG,0.2,5.0,0.2,1.47,0.01,True,True,False,False,False,0,0,0,V,VWB,VWB66,https://essstr.blob.core.windows.net/essimg/350x/Small/Pic913015.jpg,1,2026-08-07
keells,16,2,16,40337,913016,Cherry Tomato,CHERRY TOMATO,700.0,KG,0.1,5.0,0.1,1.14,0.1,True,True,False,False,False,0,0,0,V,VWB,VWB66,https://essstr.blob.core.windows.net/essimg/350x/Small/Pic913016.jpg,1,2026-08-07
keells,16,2,17,40338,913017,Chinese Cabbage,CHINESE CABBAGE,640.0,KG,0.5,5.0,0.5,5.43,0.04,True,True,False,False,False,0,0,0,V,VWB,VWB66,https://essstr.blob.core.windows.net/essimg/350x/Small/Pic913017.jpg,1,2026-08-07
keells,16,2,18,4596,912005,Coconut,COCONUT,149.0,NO,1.0,5.0,1.0,24.0,5.53,True,True,False,False,False,0,0,0,V,VWB,VWB66,https://essstr.blob.core.windows.net/essimg/350x/Small/Pic912005.jpg,1,2026-08-07
keells,16,2,19,40342,913020,Coriander Leaves,CORIANDER LEAVES,380.0,KG,0.1,5.0,0.1,10.5,0.01,True,True,False,False,False,0,0,0,V,VWB,VWB66,https://essstr.blob.core.windows.net/essimg/350x/Small/Pic913020.jpg,1,2026-08-07
keells,16,2,20,40552,914009,Cucumber,CUCUMBER,150.0,KG,0.5,5.0,0.5,500.0,0.76,True,True,False,False,False,0,0,0,V,VWB,VWB66,https://essstr.blob.core.windows.net/essimg/350x/Small/Pic914009.jpg,1,2026-08-07
keells,16,2,21,40553,914010,Curry Leaves,CURRY LEAVES,280.0,KG,0.1,5.0,0.1,0.1,0.08,True,True,False,False,False,0,0,0,V,VWB,VWB66,https://essstr.blob.core.windows.net/essimg/350x/Small/Pic914010.jpg,1,2026-08-07
keells,16,2,22,40554,914011,Dambala,DAMBALA,540.0,KG,0.3,5.0,0.1,1.0,0.17,True,True,False,False,False,0,0,0,V,VWB,VWB66,https://essstr.blob.core.windows.net/essimg/350x/Small/Pic914011.jpg,1,2026-08-07
keells,16,2,23,40556,914013,Egg Plants,EGG PLANTS,580.0,KG,0.3,99.0,0.1,1.52,0.03,True,True,False,False,False,0,0,0,V,VWB,VWB66,https://essstr.blob.core.windows.net/essimg/350x/Small/Pic914013.jpg,1,2026-08-07
keells,16,3,24,4611,912019,Fresh Leaf Chopped Gotukola 100g,FRESH LEAF CHOPPED GOTUKOLA 100G,180.0,NO,1.0,99.0,1.0,20.0,0.07,True,True,False,False,False,0,0,0,V,VWM,VWM66,https://essstr.blob.core.windows.net/essimg/350x/Small/Pic912019.jpg,1,2026-08-07
keells,16,3,25,4613,912020,Fresh Leaf Chopped Mukunuwenna 150g,FRESH LEAF CHOPPED MUKUNUWENNA 150G,180.0,NO,1.0,99.0,1.0,2.0,0.07,True,True,False,False,False,0,0,0,V,VWM,VWM66,https://essstr.blob.core.windows.net/essimg/350x/Small/Pic912020.jpg,1,2026-08-07
keells,16,3,26,4615,912022,Fresh Leaf Gotukola 100g,FRESH LEAF GOTUKOLA 100G,180.0,NO,1.0,99.0,1.0,11.0,0.13,True,True,False,False,False,0,0,0,V,VWM,VWM66,https://essstr.blob.core.windows.net/essimg/350x/Small/Pic912022.jpg,1,2026-08-07
keells,16,3,27,4618,912025,Fresh Leaf Mukunuwanna 150g,FRESH LEAF MUKUNUWANNA 150G,180.0,NO,1.0,99.0,1.0,8.0,0.07,True,True,False,False,False,0,0,0,V,VWM,VWM66,https://essstr.blob.core.windows.net/essimg/350x/Small/Pic912025.jpg,1,2026-08-07
keells,16,3,28,4620,912027,Fresh Leaf Sarana 150g,FRESH LEAF SARANA 150G,180.0,NO,1.0,99.0,1.0,4.0,0.07,True,True,False,False,False,0,0,0,V,VWM,VWM66,https://essstr.blob.core.windows.net/essimg/350x/Small/Pic912027.jpg,1,2026-08-07
keells,16,3,29,40557,914014,Garlic,GARLIC,890.0,KG,0.3,5.0,0.1,500.0,1.06,True,True,False,False,False,0,0,0,V,VWB,VWB66,https://essstr.blob.core.windows.net/essimg/350x/Small/Pic914014.jpg,1,2026-08-07
keells,16,3,30,40559,914016,Ginger,GINGER,1450.0,KG,0.1,5.0,0.1,500.0,0.23,True,True,False,False,False,0,0,0,V,VWB,VWB66,https://essstr.blob.core.windows.net/essimg/350x/Small/Pic914016.jpg,1,2026-08-07
keells,16,3,31,40247,912272,Globle Green Button Mushroom 200g,GLOBLE GREEN BUTTON MUSHROOM 200G,595.0,NO,1.0,99.0,1.0,5.0,0.07,True,True,False,False,False,0,0,0,V,VWM,VWM66,https://essstr.blob.core.windows.net/essimg/350x/Small/Pic912272.jpg,1,2026-08-07
keells,16,3,32,40691,915008,Green Beans,GREEN BEANS,590.0,KG,0.3,5.0,0.1,21.99,0.88,True,True,False,False,False,0,0,0,V,VWB,VWB66,https://essstr.blob.core.windows.net/essimg/350x/Small/Pic915008.jpg,1,2026-08-07
keells,16,3,33,40560,914017,Green Chilies,GREEN CHILIES,1670.0,KG,0.1,5.0,0.1,500.0,0.53,True,True,False,False,False,0,0,0,V,VWB,VWB66,https://essstr.blob.core.windows.net/essimg/350x/Small/Pic914017.jpg,1,2026-08-07
keells,16,3,34,40561,914018,Green Cucumber,GREEN CUCUMBER,160.0,KG,0.5,5.0,0.5,1.87,0.55,True,True,False,False,False,0,0,0,V,VWB,VWB66,https://essstr.blob.core.windows.net/essimg/350x/Small/Pic914018.jpg,1,2026-08-07
keells,16,3,35,76331,912332,Green Hills Gotukola 100g,GREEN HILLS GOTUKOLA 100G,160.0,NO,1.0,999.0,1.0,7.0,0.07,True,True,False,False,False,0,0,0,V,VWM,VWM66,https://essstr.blob.core.windows.net/essimg/350x/Small/Pic912332.jpg,1,2026-08-07
keells,16,4,36,76332,912333,Green Hills Gotukola 100g,GREEN HILLS GOTUKOLA 100G,160.0,NO,1.0,999.0,1.0,4.0,0.07,True,True,False,False,False,0,0,0,V,VWM,VWM66,https://essstr.blob.core.windows.net/essimg/350x/Small/Pic912333.jpg,1,2026-08-07
keells,16,4,37,40363,913040,Green House Tomatoes,GREEN HOUSE TOMATOES,920.0,KG,0.3,99.0,0.1,4.84,0.2,True,True,False,False,False,0,0,0,V,VWB,VWB66,https://essstr.blob.core.windows.net/essimg/350x/Small/Pic913040.jpg,1,2026-08-07
keells,16,4,38,80670,912354,Green Plus Agri American Oyster Mushroom,GREEN PLUS AGRI AMERICAN OYSTER MUSHROOM,240.0,NO,1.0,999.0,1.0,7.0,0.07,True,True,False,False,False,0,0,0,V,VWM,VWM66,https://essstr.blob.core.windows.net/essimg/350x/Small/Pic912354.jpg,1,2026-08-07
keells,16,4,39,80675,912356,Green Plus Agri Sun Dried Mushroom,GREEN PLUS AGRI SUN DRIED MUSHROOM,330.0,NO,1.0,999.0,1.0,9.0,0.0,True,True,False,False,False,0,0,0,V,VWM,VWM66,https://essstr.blob.core.windows.net/essimg/350x/Small/Pic912356.jpg,1,2026-08-07
keells,16,4,40,4727,912124,Haritha Bean Sprout 200g,HARITHA BEAN SPROUT 200G,285.0,NO,1.0,99.0,1.0,2.0,0.0,True,True,False,False,False,0,0,0,V,VWM,VWM66,https://essstr.blob.core.windows.net/essimg/350x/Small/Pic912124.jpg,1,2026-08-07
keells,16,4,41,77282,914067,Honest Green Green Oak Lettuce 225g,HONEST GREEN GREEN OAK LETTUCE 225G,785.0,NO,0.5,5.0,0.5,0.5,0.07,True,True,False,False,False,0,0,0,V,VWM,VWM66,https://essstr.blob.core.windows.net/essimg/350x/Small/Pic914067.jpg,1,2026-08-07
keells,16,4,42,40365,913042,Iceberg Lettuce,ICEBERG LETTUCE,800.0,KG,0.3,5.0,0.3,1.15,0.02,True,True,False,False,False,0,0,0,V,VWB,VWB66,https://essstr.blob.core.windows.net/essimg/350x/Small/Pic913042.jpg,1,2026-08-07
keells,16,4,43,78456,914084,Jagro Fresh Tyme 15g,JAGRO FRESH TYME 15G,200.0,NO,1.0,999.0,1.0,9.0,0.0,True,True,False,False,False,0,0,0,V,VWM,VWM66,https://essstr.blob.core.windows.net/essimg/350x/Small/Pic914084.jpg,1,2026-08-07
keells,16,4,44,40369,913046,Jagro Green Oak Lettuce,JAGRO GREEN OAK LETTUCE,1780.0,KG,0.5,5.0,0.5,2.22,0.04,True,True,False,False,False,0,0,0,V,VWM,VWM66,https://essstr.blob.core.windows.net/essimg/350x/Small/Pic913046.jpg,1,2026-08-07
keells,16,4,45,76141,913173,Jagro Oregano 25g,JAGRO OREGANO 25G,200.0,NO,1.0,5.0,1.0,5.0,0.07,True,True,False,False,False,0,0,0,V,VWM,VWM66,https://essstr.blob.core.windows.net/essimg/350x/Small/Pic913173.jpg,1,2026-08-07
keells,16,4,46,40692,915009,Japanese Leeks,JAPANESE LEEKS,860.0,KG,0.3,99.0,0.1,1.6,0.11,True,True,False,False,False,0,0,0,V,VWB,VWB66,https://essstr.blob.core.windows.net/essimg/350x/Small/Pic915009.jpg,1,2026-08-07
keells,16,4,47,70034,916018,Kankun,KANKUN,79.0,NO,1.0,99.0,1.0,15.0,0.73,True,True,False,False,False,0,0,0,V,VWB,VWB66,https://essstr.blob.core.windows.net/essimg/350x/Small/Pic916018.jpg,1,2026-08-07
keells,16,5,48,70035,916019,Kathurumurunga,KATHURUMURUNGA,95.0,NO,1.0,99.0,1.0,3.0,0.07,True,True,False,False,False,0,0,0,V,VWB,VWB66,https://essstr.blob.core.windows.net/essimg/350x/Small/Pic916019.jpg,1,2026-08-07
keells,16,5,49,40565,914021,Kekiri,KEKIRI,130.0,KG,0.3,5.0,0.3,17.13,0.2,True,True,False,False,False,0,0,0,V,VWB,VWB66,https://essstr.blob.core.windows.net/essimg/350x/Small/Pic914021.jpg,1,2026-08-07
keells,16,5,50,40567,914023,Kiriala,KIRIALA,860.0,KG,0.3,99.0,0.1,2.6,0.02,True,True,False,False,False,0,0,0,V,VWB,VWB66,https://essstr.blob.core.windows.net/essimg/350x/Small/Pic914023.jpg,1,2026-08-07
keells,16,5,51,40693,915010,Knol Khol,KNOL KHOL,260.0,KG,0.3,5.0,0.2,3.32,0.41,True,True,False,False,False,0,0,0,V,VWB,VWB66,https://essstr.blob.core.windows.net/essimg/350x/Small/Pic915010.jpg,1,2026-08-07
keells,16,5,52,40568,914024,Kohila,KOHILA,360.0,KG,0.3,99.0,0.1,2.31,0.13,True,True,False,False,False,0,0,0,V,VWB,VWB66,https://essstr.blob.core.windows.net/essimg/350x/Small/Pic914024.jpg,1,2026-08-07
keells,16,5,53,40570,914026,Ladies Fingers,LADIES FINGERS,190.0,KG,0.2,5.0,0.1,500.0,0.75,True,True,False,False,False,0,0,0,V,VWB,VWB66,https://essstr.blob.core.windows.net/essimg/350x/Small/Pic914026.jpg,1,2026-08-07
keells,16,5,54,83036,916074,Lassana Agri Green Batavia Lettuce 150g,LASSANA AGRI GREEN BATAVIA LETTUCE 150G,460.0,NO,1.0,999.0,1.0,1.0,0.0,True,True,False,False,False,0,0,0,V,VWM,VWM66,https://essstr.blob.core.windows.net/essimg/350x/Small/Pic916074.jpg,1,2026-08-07
keells,16,5,55,83039,916078,Lassana Agri Green Coral Lettuce 120g,LASSANA AGRI GREEN CORAL LETTUCE 120G,460.0,NO,1.0,999.0,1.0,2.0,0.0,True,True,False,False,False,0,0,0,V,VWM,VWM66,https://essstr.blob.core.windows.net/essimg/350x/Small/Pic916078.jpg,1,2026-08-07
keells,16,5,56,79954,916146,Lassana Agri Hydroponic Basil 30g,LASSANA AGRI HYDROPONIC BASIL 30G,290.0,NO,1.0,999.0,1.0,1.0,0.07,True,True,False,False,False,0,0,0,V,VWM,VWM66,https://essstr.blob.core.windows.net/essimg/350x/Small/Pic916146.jpg,1,2026-08-07
keells,16,5,57,83035,916073,Lassana Agri Romain Lettuce 130g,LASSANA AGRI ROMAIN LETTUCE 130G,395.0,NO,1.0,999.0,1.0,3.0,0.0,True,True,False,False,False,0,0,0,V,VWM,VWM66,https://essstr.blob.core.windows.net/essimg/350x/Small/Pic916073.jpg,1,2026-08-07
keells,16,5,58,40694,915011,Leeks,LEEKS,300.0,KG,0.3,5.0,0.1,500.0,0.5,True,True,False,False,False,0,0,0,V,VWB,VWB66,https://essstr.blob.core.windows.net/essimg/350x/Small/Pic915011.jpg,1,2026-08-07
keells,16,5,59,40571,914027,Lemon,LEMON,1020.0,KG,0.3,99.0,0.1,1.88,0.07,True,True,False,False,False,0,0,0,V,VWB,VWB66,https://essstr.blob.core.windows.net/essimg/350x/Small/Pic914027.jpg,1,2026-08-07
keells,16,6,60,40572,914028,Lemon Grass,LEMON GRASS,1080.0,KG,0.1,5.0,0.1,0.25,0.01,True,True,False,False,False,0,0,0,V,VWB,VWB66,https://essstr.blob.core.windows.net/essimg/350x/Small/Pic914028.jpg,1,2026-08-07
keells,16,6,61,40573,914029,Lime,LIME,530.0,KG,0.2,5.0,0.1,500.0,0.62,True,True,False,False,False,0,0,0,V,VWB,VWB66,https://essstr.blob.core.windows.net/essimg/350x/Small/Pic914029.jpg,1,2026-08-07
keells,16,6,62,40575,914031,Lotus Yam,LOTUS YAM,1020.0,KG,0.3,99.0,0.1,1.7,0.03,True,True,False,False,False,0,0,0,V,VWB,VWB66,https://essstr.blob.core.windows.net/essimg/350x/Small/Pic914031.jpg,1,2026-08-07
keells,16,6,63,70045,916028,Mango Curry,MANGO CURRY,500.0,KG,0.3,99.0,0.1,5.51,0.03,True,True,False,False,False,0,0,0,V,VWB,VWB66,https://essstr.blob.core.windows.net/essimg/350x/Small/Pic916028.jpg,1,2026-08-07
keells,16,6,64,70046,916029,Manioc,MANIOC,360.0,KG,0.5,5.0,0.5,500.0,0.17,True,True,False,False,False,0,0,0,V,VWB,VWB66,https://essstr.blob.core.windows.net/essimg/350x/Small/Pic916029.jpg,1,2026-08-07
keells,16,6,65,40378,913055,Minchi Leaves,MINCHI LEAVES,460.0,KG,0.1,5.0,0.1,1.49,0.01,True,True,False,False,False,0,0,0,V,VWB,VWB66,https://essstr.blob.core.windows.net/essimg/350x/Small/Pic913055.jpg,1,2026-08-07
keells,16,6,66,70050,916032,Mukunuwenna,MUKUNUWENNA,99.0,NO,1.0,99.0,1.0,11.0,0.87,True,True,False,False,False,0,0,0,V,VWB,VWB66,https://essstr.blob.core.windows.net/essimg/350x/Small/Pic916032.jpg,1,2026-08-07
keells,16,6,67,4652,912056,Nature Harvest Button Mushroom 200g,NATURE HARVEST BUTTON MUSHROOM 200G,550.0,NO,1.0,99.0,1.0,5.0,0.13,True,True,False,False,False,0,0,0,V,VWM,VWM66,https://essstr.blob.core.windows.net/essimg/350x/Small/Pic912056.jpg,1,2026-08-07
keells,16,6,68,40201,912228,Onesh Baby Corn 150g,ONESH BABY CORN 150G,360.0,NO,1.0,99.0,1.0,2.0,0.0,True,True,False,False,False,0,0,0,V,VWM,VWM66,https://essstr.blob.core.windows.net/essimg/350x/Small/Pic912228.jpg,1,2026-08-07
keells,16,6,69,4653,912057,Onesh Baby Corn Chopped 150g,ONESH BABY CORN CHOPPED 150G,290.0,NO,1.0,99.0,1.0,3.0,0.13,True,True,False,False,False,0,0,0,V,VWM,VWM66,https://essstr.blob.core.windows.net/essimg/350x/Small/Pic912057.jpg,1,2026-08-07
keells,16,6,70,40579,914035,Onion Flowers,ONION FLOWERS,880.0,KG,0.3,99.0,0.1,1.28,0.02,True,True,False,False,False,0,0,0,V,VWB,VWB66,https://essstr.blob.core.windows.net/essimg/350x/Small/Pic914035.jpg,1,2026-08-07
keells,16,6,71,40580,914036,Onion Leaves,ONION LEAVES,360.0,KG,0.2,5.0,0.1,500.0,0.11,True,True,False,False,False,0,0,0,V,VWB,VWB66,https://essstr.blob.core.windows.net/essimg/350x/Small/Pic914036.jpg,1,2026-08-07
keells,16,7,72,40379,913056,Pakchoi,PAKCHOI,420.0,KG,0.2,5.0,0.1,3.31,0.01,True,True,False,False,False,0,0,0,V,VWB,VWB66,https://essstr.blob.core.windows.net/essimg/350x/Small/Pic913056.jpg,1,2026-08-07
keells,16,7,73,40155,912187,Paradise Oyster Mushroom 200g,PARADISE OYSTER MUSHROOM 200G,195.0,NO,1.0,99.0,1.0,30.0,0.07,True,True,False,False,False,0,0,0,V,VWM,VWM66,https://essstr.blob.core.windows.net/essimg/350x/Small/Pic912187.jpg,1,2026-08-07
keells,16,7,74,40380,913057,Parsley,PARSLEY,1050.0,KG,0.1,5.0,0.1,1.53,0.01,True,True,False,False,False,0,0,0,V,VWB,VWB66,https://essstr.blob.core.windows.net/essimg/350x/Small/Pic913057.jpg,1,2026-08-07
keells,16,7,75,73788,916059,Perfectly Imperfect Beetroot,PERFECTLY IMPERFECT BEETROOT,290.0,KG,0.5,5.0,0.5,2.33,0.03,True,True,False,False,False,0,0,0,V,VWB,VWB66,https://essstr.blob.core.windows.net/essimg/350x/Small/Pic916059.jpg,1,2026-08-07
keells,16,7,76,73837,916071,Perfectly Imperfect Bell Pepper Yellow,PERFECTLY IMPERFECT BELL PEPPER YELLOW,1290.0,KG,0.3,5.0,0.3,0.5,0.0,True,True,False,False,False,0,0,0,V,VWB,VWB66,https://essstr.blob.core.windows.net/essimg/350x/Small/Pic916071.jpg,1,2026-08-07
keells,16,7,77,74950,915025,Perfectly Imperfect Big Onions,PERFECTLY IMPERFECT BIG ONIONS,230.0,KG,1.0,999.0,1.0,12.81,0.47,True,True,False,False,False,0,0,0,V,VWB,VWB66,https://essstr.blob.core.windows.net/essimg/350x/Small/Pic915025.jpg,1,2026-08-07
keells,16,7,78,73783,916067,Perfectly Imperfect Cucumber,PERFECTLY IMPERFECT CUCUMBER,80.0,KG,0.8,5.0,0.8,4.69,0.05,True,True,False,False,False,0,0,0,V,VWB,VWB66,https://essstr.blob.core.windows.net/essimg/350x/Small/Pic916067.jpg,1,2026-08-07
keells,16,7,79,73791,916061,Perfectly Imperfect Garlic,PERFECTLY IMPERFECT GARLIC,650.0,KG,0.6,5.0,0.6,1.22,0.04,True,True,False,False,False,0,0,0,V,VWB,VWB66,https://essstr.blob.core.windows.net/essimg/350x/Small/Pic916061.jpg,1,2026-08-07
keells,16,7,80,73789,916062,Perfectly Imperfect Potatoes,PERFECTLY IMPERFECT POTATOES,310.0,KG,0.5,5.0,0.5,3.2,0.1,True,True,False,False,False,0,0,0,V,VWB,VWB66,https://essstr.blob.core.windows.net/essimg/350x/Small/Pic916062.jpg,1,2026-08-07
keells,16,7,81,73782,916069,Perfectly Imperfect Salad Cucumber,PERFECTLY IMPERFECT SALAD CUCUMBER,200.0,KG,0.5,5.0,0.5,3.77,0.03,True,True,False,False,False,0,0,0,V,VWB,VWB66,https://essstr.blob.core.windows.net/essimg/350x/Small/Pic916069.jpg,1,2026-08-07
keells,16,7,82,80741,912363,Piyakaru Cooking Cashew 100g,PIYAKARU COOKING CASHEW 100G,1078.0,NO,1.0,999.0,1.0,11.0,0.07,True,True,False,False,False,0,0,0,V,VWM,VWM66,https://essstr.blob.core.windows.net/essimg/350x/Small/Pic912363.jpg,1,2026-08-07
keells,16,7,83,80742,912364,Piyakaru Cooking Cashew 250g,PIYAKARU COOKING CASHEW 250G,2675.0,NO,1.0,999.0,1.0,11.0,0.07,True,True,False,False,False,0,0,0,V,VWM,VWM66,https://essstr.blob.core.windows.net/essimg/350x/Small/Pic912364.jpg,1,2026-08-07
keells,16,8,84,40582,914038,Plantain Flower,PLANTAIN FLOWER,190.0,KG,0.8,5.0,0.8,500.0,0.54,True,True,False,False,False,0,0,0,V,VWB,VWB66,https://essstr.blob.core.windows.net/essimg/350x/Small/Pic914038.jpg,1,2026-08-07
keells,16,8,85,70056,916038,Polos,POLOS,360.0,NO,1.0,99.0,1.0,1.0,0.07,True,True,False,False,False,0,0,0,V,VWB,VWB66,https://essstr.blob.core.windows.net/essimg/350x/Small/Pic916038.jpg,1,2026-08-07
keells,16,8,86,69921,915013,Potatoes,POTATOES,390.0,KG,0.5,5.0,0.1,500.0,2.69,True,True,False,False,False,0,0,0,V,VWB,VWB66,https://essstr.blob.core.windows.net/essimg/350x/Small/Pic915013.jpg,1,2026-08-07
keells,16,8,87,40558,914015,Pre-Packed Garlic,PRE-PACKED GARLIC,930.0,KG,1.0,5.0,1.0,500.0,0.07,True,True,False,False,False,0,0,0,V,VWB,VWB66,https://essstr.blob.core.windows.net/essimg/350x/Small/Pic914015.jpg,1,2026-08-07
keells,16,8,88,69922,915014,Pre-Packed Potatoes,PRE-PACKED POTATOES,440.0,KG,1.0,5.0,1.0,64.49,0.07,True,True,False,False,False,0,0,0,V,VWB,VWB66,https://essstr.blob.core.windows.net/essimg/350x/Small/Pic915014.jpg,1,2026-08-07
keells,16,8,89,40586,914042,Pre-Packed Red Onions,PRE-PACKED RED ONIONS,440.0,KG,1.0,5.0,1.0,500.0,0.4,True,True,False,False,False,0,0,0,V,VWB,VWB66,https://essstr.blob.core.windows.net/essimg/350x/Small/Pic914042.jpg,1,2026-08-07
keells,16,8,90,40583,914039,Pumpkin,PUMPKIN,190.0,KG,0.5,5.0,0.1,500.0,1.57,True,True,False,False,False,0,0,0,V,VWB,VWB66,https://essstr.blob.core.windows.net/essimg/350x/Small/Pic914039.jpg,1,2026-08-07
keells,16,8,91,69923,915015,Raddish,RADDISH,180.0,KG,0.3,5.0,0.2,15.16,0.17,True,True,False,False,False,0,0,0,V,VWB,VWB66,https://essstr.blob.core.windows.net/essimg/350x/Small/Pic915015.jpg,1,2026-08-07
keells,16,8,92,70057,916039,Rajala,RAJALA,650.0,KG,0.5,99.0,0.5,1.65,0.04,True,True,False,False,False,0,0,0,V,VWB,VWB66,https://essstr.blob.core.windows.net/essimg/350x/Small/Pic916039.jpg,1,2026-08-07
keells,16,8,93,70060,916041,Ranawara,RANAWARA,95.0,NO,1.0,99.0,1.0,2.0,0.0,True,True,False,False,False,0,0,0,V,VWB,VWB66,https://essstr.blob.core.windows.net/essimg/350x/Small/Pic916041.jpg,1,2026-08-07
keells,16,8,94,40382,913059,Red Cabbage,RED CABBAGE,1620.0,KG,0.3,5.0,0.3,4.0,0.02,True,True,False,False,False,0,0,0,V,VWB,VWB66,https://essstr.blob.core.windows.net/essimg/350x/Small/Pic913059.jpg,1,2026-08-07
keells,16,8,95,40587,914043,Red Onions,RED ONIONS,420.0,KG,0.3,3.0,0.1,500.0,0.32,True,True,False,False,False,0,0,0,V,VWB,VWB66,https://essstr.blob.core.windows.net/essimg/350x/Small/Pic914043.jpg,1,2026-08-07
keells,16,9,96,40588,914044,Ribbed Gourd,RIBBED GOURD,280.0,KG,0.4,5.0,0.4,500.0,0.33,True,True,False,False,False,0,0,0,V,VWB,VWB66,https://essstr.blob.core.windows.net/essimg/350x/Small/Pic914044.jpg,1,2026-08-07
keells,16,9,97,40390,913066,Salad Cucumber,SALAD CUCUMBER,280.0,KG,0.5,5.0,0.5,9.26,0.21,True,True,False,False,False,0,0,0,V,VWB,VWB66,https://essstr.blob.core.windows.net/essimg/350x/Small/Pic913066.jpg,1,2026-08-07
keells,16,9,98,40391,913067,Salad Leaves,SALAD LEAVES,380.0,KG,0.3,5.0,0.1,3.41,0.07,True,True,False,False,False,0,0,0,V,VWB,VWB66,https://essstr.blob.core.windows.net/essimg/350x/Small/Pic913067.jpg,1,2026-08-07
keells,16,9,99,40591,914047,Snake Gourd,SNAKE GOURD,210.0,KG,0.4,5.0,0.4,500.0,0.49,True,True,False,False,False,0,0,0,V,VWB,VWB66,https://essstr.blob.core.windows.net/essimg/350x/Small/Pic914047.jpg,1,2026-08-07
keells,16,9,100,40215,912241,Star Dehydrated Mushroom 50g,STAR DEHYDRATED MUSHROOM 50G,480.0,NO,1.0,99.0,1.0,10.0,0.0,True,True,False,False,False,0,0,0,V,VWM,VWM66,https://essstr.blob.core.windows.net/essimg/350x/Small/Pic912241.jpg,1,2026-08-07
keells,16,9,101,40593,914049,Sweet Potato,SWEET POTATO,260.0,KG,0.5,5.0,0.5,14.21,0.66,True,True,False,False,False,0,0,0,V,VWB,VWB66,https://essstr.blob.core.windows.net/essimg/350x/Small/Pic914049.jpg,1,2026-08-07
keells,16,9,102,4686,912087,Thammitage Cooking Cashew 200g,THAMMITAGE COOKING CASHEW 200G,1990.0,NO,1.0,99.0,1.0,5.0,0.07,True,True,False,False,False,0,0,0,V,VWM,VWM66,https://essstr.blob.core.windows.net/essimg/350x/Small/Pic912087.jpg,1,2026-08-07
keells,16,9,103,70065,916046,Thampala,THAMPALA,95.0,NO,1.0,99.0,1.0,2.0,0.0,True,True,False,False,False,0,0,0,V,VWB,VWB66,https://essstr.blob.core.windows.net/essimg/350x/Small/Pic916046.jpg,1,2026-08-07
keells,16,9,104,70066,916047,Thebbu,THEBBU,98.0,NO,1.0,99.0,1.0,2.0,0.07,True,True,False,False,False,0,0,0,V,VWB,VWB66,https://essstr.blob.core.windows.net/essimg/350x/Small/Pic916047.jpg,1,2026-08-07
keells,16,9,105,79674,912349,Three Star  Spinach 150G                                                                                                                                                                                                                                                                                                                                                                                                                                                                                            ,THREE STAR  SPINACH 150G                                                                                                                                                                                                                                                                                                                                                                                                                                                                                            ,130.0,NO,1.0,999.0,1.0,5.0,0.13,True,True,False,False,False,0,0,0,V,VWM,VWM66,https://essstr.blob.core.windows.net/essimg/350x/Small/Pic912349.jpg,1,2026-08-07
keells,16,9,106,80455,912353,Three Star Curry Leaves 100g,THREE STAR CURRY LEAVES 100G,150.0,NO,1.0,999.0,1.0,3.0,0.07,True,True,False,False,False,0,0,0,V,VWM,VWM66,https://essstr.blob.core.windows.net/essimg/350x/Small/Pic912353.jpg,1,2026-08-07
keells,16,9,107,4692,912092,Three Star Cut Gotukola 100g,THREE STAR CUT GOTUKOLA 100G,150.0,NO,1.0,99.0,1.0,2.0,0.07,True,True,False,False,False,0,0,0,V,VWM,VWM66,https://essstr.blob.core.windows.net/essimg/350x/Small/Pic912092.jpg,1,2026-08-07
keells,16,10,108,4694,912094,Three Star Cut Mukunuwanna 150g,THREE STAR CUT MUKUNUWANNA 150G,150.0,NO,1.0,99.0,1.0,25.0,0.07,True,True,False,False,False,0,0,0,V,VWM,VWM66,https://essstr.blob.core.windows.net/essimg/350x/Small/Pic912094.jpg,1,2026-08-07
keells,16,10,109,4698,912098,Three Star Gotukola Pkt 100g,THREE STAR GOTUKOLA PKT 100G,150.0,NO,1.0,99.0,1.0,19.0,0.07,True,True,False,False,False,0,0,0,V,VWM,VWM66,https://essstr.blob.core.windows.net/essimg/350x/Small/Pic912098.jpg,1,2026-08-07
keells,16,10,110,4699,912099,Three Star Kankun Pkt 150g,THREE STAR KANKUN PKT 150G,150.0,NO,1.0,99.0,1.0,3.0,0.07,True,True,False,False,False,0,0,0,V,VWM,VWM66,https://essstr.blob.core.windows.net/essimg/350x/Small/Pic912099.jpg,1,2026-08-07
keells,16,10,111,40230,912256,Three Star Kohila Ala 150g,THREE STAR KOHILA ALA 150G,150.0,NO,1.0,99.0,1.0,8.0,0.07,True,True,False,False,False,0,0,0,V,VWM,VWM66,https://essstr.blob.core.windows.net/essimg/350x/Small/Pic912256.jpg,1,2026-08-07
keells,16,10,112,81097,912367,Three Star Organic Soya Bean Curd,THREE STAR ORGANIC SOYA BEAN CURD,250.0,NO,1.0,999.0,1.0,3.0,0.07,True,True,False,False,False,0,0,0,V,VWM,VWM66,https://essstr.blob.core.windows.net/essimg/350x/Small/Pic912367.jpg,1,2026-08-07
keells,16,10,113,40596,914051,Thumba Karawila,THUMBA KARAWILA,900.0,KG,0.2,99.0,0.1,1.82,0.02,True,True,False,False,False,0,0,0,V,VWB,VWB66,https://essstr.blob.core.windows.net/essimg/350x/Small/Pic914051.jpg,1,2026-08-07
keells,16,10,114,69924,915016,Tomatoes,TOMATOES,340.0,KG,0.3,5.0,0.1,500.0,1.01,True,True,False,False,False,0,0,0,V,VWB,VWB66,https://essstr.blob.core.windows.net/essimg/350x/Small/Pic915016.jpg,1,2026-08-07
keells,16,10,115,4710,912108,White Wave Tofu( Bean Curd )250g,WHITE WAVE TOFU( BEAN CURD )250G,290.0,NO,1.0,99.0,1.0,62.0,0.13,True,True,False,False,False,0,0,0,V,VWM,VWM66,https://essstr.blob.core.windows.net/essimg/350x/Small/Pic912108.jpg,1,2026-08-07
keells,16,10,116,40396,913071,Zucchini,ZUCCHINI,600.0,KG,0.5,5.0,0.5,2.48,0.04,True,True,False,False,False,0,0,0,V,VWB,VWB66,https://essstr.blob.core.windows.net/essimg/350x/Small/Pic913071.jpg,1,2026-08-07
keells,16,10,117,78247,912342, Myco Farm Abalone Mushroom 200G                                                                                                                                                                                                                                                                                                                                                                                                                                                                                    , MYCO FARM ABALONE MUSHROOM 200G                                                                                                                                                                                                                                                                                                                                                                                                                                                                                    ,250.0,NO,1.0,999.0,1.0,0.0,0.0,True,True,False,False,False,0,0,0,V,VWM,VWM66,https://essstr.blob.core.windows.net/essimg/350x/Small/Pic912342.jpg,1,2026-08-07
keells,16,10,118,78250,912343, Myco Farm Bhutan Mushroom 200G                                                                                                                                                                                                                                                                                                                                                                                                                                                                                     , MYCO FARM BHUTAN MUSHROOM 200G                                                                                                                                                                                                                                                                                                                                                                                                                                                                                     ,225.0,NO,1.0,999.0,1.0,0.0,0.0,True,True,False,False,False,0,0,0,V,VWM,VWM66,https://essstr.blob.core.windows.net/essimg/350x/Small/Pic912343.jpg,1,2026-08-07
keells,16,10,119,78246,912341, Myco Farm Oyster Mushroom 200G                                                                                                                                                                                                                                                                                                                                                                                                                                                                                     , MYCO FARM OYSTER MUSHROOM 200G                                                                                                                                                                                                                                                                                                                                                                                                                                                                                     ,195.0,NO,1.0,999.0,1.0,0.0,0.07,True,True,False,False,False,0,0,0,V,VWM,VWM66,https://essstr.blob.core.windows.net/essimg/350x/Small/Pic912341.jpg,1,2026-08-07
keells,16,11,120,4591,912000,A.S Abalone Mushroom 200g,A.S ABALONE MUSHROOM 200G,280.0,NO,1.0,99.0,1.0,0.0,0.2,True,True,False,False,False,0,0,0,V,VWM,VWM66,https://essstr.blob.core.windows.net/essimg/350x/Small/Pic912000.jpg,1,2026-08-07
keells,16,11,121,4592,912001,A.S Oyster Mushroom 200g,A.S OYSTER MUSHROOM 200G,200.0,NO,1.0,99.0,1.0,0.0,0.07,True,True,False,False,False,0,0,0,V,VWM,VWM66,https://essstr.blob.core.windows.net/essimg/350x/Small/Pic912001.jpg,1,2026-08-07
keells,16,11,122,70017,916001,Aguna Leaves,AGUNA LEAVES,80.0,NO,1.0,99.0,1.0,0.0,0.07,True,True,False,False,False,0,0,0,V,VWB,VWB66,https://essstr.blob.core.windows.net/essimg/350x/Small/Pic916001.jpg,1,2026-08-07
keells,16,11,123,40683,915000,Baby Carrots,BABY CARROTS,460.0,KG,1.0,99.0,1.0,0.0,0.07,True,True,False,False,False,0,0,0,V,VWB,VWB66,https://essstr.blob.core.windows.net/essimg/350x/Small/Pic915000.jpg,1,2026-08-07
keells,16,11,124,40684,915001,Baby Potatoes,BABY POTATOES,580.0,KG,0.5,99.0,0.2,0.0,0.11,True,True,False,False,False,0,0,0,V,VWB,VWB66,https://essstr.blob.core.windows.net/essimg/350x/Small/Pic915001.jpg,1,2026-08-07
keells,16,11,125,4715,912113,Basil Leaves 50g,BASIL LEAVES 50G,100.0,NO,1.0,5.0,1.0,0.0,0.07,True,True,False,False,False,0,0,0,V,VWM,VWM66,https://essstr.blob.core.windows.net/essimg/350x/Small/Pic912113.jpg,1,2026-08-07
keells,16,11,126,40685,915002,Beetroot,BEETROOT,390.0,KG,0.3,5.0,0.2,0.0,0.6,True,True,False,False,False,0,0,0,V,VWB,VWB66,https://essstr.blob.core.windows.net/essimg/350x/Small/Pic915002.jpg,1,2026-08-07
keells,16,11,127,70021,916005,Bovitiya Leaves,BOVITIYA LEAVES,95.0,NO,1.0,99.0,1.0,0.0,0.07,True,True,False,False,False,0,0,0,V,VWB,VWB66,https://essstr.blob.core.windows.net/essimg/350x/Small/Pic916005.jpg,1,2026-08-07
keells,16,11,128,70022,916006,Bread Fruit,BREAD FRUIT,242.0,NO,1.0,99.0,1.0,0.0,0.07,True,True,False,False,False,0,0,0,V,VWB,VWB66,https://essstr.blob.core.windows.net/essimg/350x/Small/Pic916006.jpg,1,2026-08-07
keells,16,11,129,40687,915004,Butter Beans,BUTTER BEANS,960.0,KG,1.0,99.0,1.0,0.0,0.07,True,True,False,False,False,0,0,0,V,VWB,VWB66,https://essstr.blob.core.windows.net/essimg/350x/Small/Pic915004.jpg,1,2026-08-07
keells,16,11,130,40340,913019,Chow Chow,CHOW CHOW,400.0,KG,0.3,99.0,0.3,0.0,0.12,True,True,False,False,False,0,0,0,V,VWB,VWB66,https://essstr.blob.core.windows.net/essimg/350x/Small/Pic913019.jpg,1,2026-08-07
keells,16,11,131,4597,912006,Corn (Bada Iringu),CORN (BADA IRINGU),85.0,NO,1.0,5.0,1.0,0.0,0.07,True,True,False,False,False,0,0,0,V,VWB,VWB66,https://essstr.blob.core.windows.net/essimg/350x/Small/Pic912006.jpg,1,2026-08-07
keells,16,12,132,4717,912115,Dill Leaves 25g,DILL LEAVES 25G,70.0,NO,1.0,5.0,1.0,0.0,0.07,True,True,False,False,False,0,0,0,V,VWM,VWM66,https://essstr.blob.core.windows.net/essimg/350x/Small/Pic912115.jpg,1,2026-08-07
keells,16,12,133,40555,914012,Drumsticks,DRUMSTICKS,380.0,KG,0.3,99.0,0.3,0.23,0.08,True,True,False,False,False,0,0,0,V,VWB,VWB66,https://essstr.blob.core.windows.net/essimg/350x/Small/Pic914012.jpg,1,2026-08-07
keells,16,12,134,70024,916008,Eramusu,ERAMUSU,95.0,NO,1.0,99.0,1.0,0.0,0.0,True,True,False,False,False,0,0,0,V,VWB,VWB66,https://essstr.blob.core.windows.net/essimg/350x/Small/Pic916008.jpg,1,2026-08-07
keells,16,12,135,83112,916087,Farmhouse Oyster Mushroom 200g,FARMHOUSE OYSTER MUSHROOM 200G,200.0,NO,1.0,999.0,1.0,0.0,0.0,True,True,False,False,False,0,0,0,V,VWM,VWM66,https://essstr.blob.core.windows.net/essimg/350x/Small/Pic916087.jpg,1,2026-08-07
keells,16,12,136,4718,912116,Fennel Leaves 25g,FENNEL LEAVES 25G,65.0,NO,1.0,5.0,1.0,0.0,0.07,True,True,False,False,False,0,0,0,V,VWM,VWM66,https://essstr.blob.core.windows.net/essimg/350x/Small/Pic912116.jpg,1,2026-08-07
keells,16,12,137,4617,912024,Fresh Leaf Kankun 150g,FRESH LEAF KANKUN 150G,180.0,NO,1.0,99.0,1.0,0.0,0.13,True,True,False,False,False,0,0,0,V,VWM,VWM66,https://essstr.blob.core.windows.net/essimg/350x/Small/Pic912024.jpg,1,2026-08-07
keells,16,12,138,40107,912126,Fresh Leaf Kathurumurunga 125g,FRESH LEAF KATHURUMURUNGA 125G,180.0,NO,1.0,99.0,1.0,0.0,0.07,True,True,False,False,False,0,0,0,V,VWM,VWM66,https://essstr.blob.core.windows.net/essimg/350x/Small/Pic912126.jpg,1,2026-08-07
keells,16,12,139,40138,912156,Globle Green Abalone Mushroom 200g,GLOBLE GREEN ABALONE MUSHROOM 200G,250.0,NO,1.0,99.0,1.0,0.0,0.07,True,True,False,False,False,0,0,0,V,VWM,VWM66,https://essstr.blob.core.windows.net/essimg/350x/Small/Pic912156.jpg,1,2026-08-07
keells,16,12,140,40135,912153,Globle Green Organic Oys/Mushrm 200g,GLOBLE GREEN ORGANIC OYS/MUSHRM 200G,198.0,NO,1.0,99.0,1.0,0.0,0.13,True,True,False,False,False,0,0,0,V,VWM,VWM66,https://essstr.blob.core.windows.net/essimg/350x/Small/Pic912153.jpg,1,2026-08-07
keells,16,12,141,70025,916009,Gonica Kola,GONICA KOLA,95.0,NO,1.0,99.0,1.0,0.0,0.0,True,True,False,False,False,0,0,0,V,VWB,VWB66,https://essstr.blob.core.windows.net/essimg/350x/Small/Pic916009.jpg,1,2026-08-07
keells,16,12,142,70026,916010,Gotukola,GOTUKOLA,125.0,NO,1.0,99.0,1.0,0.0,0.07,True,True,False,False,False,0,0,0,V,VWB,VWB66,https://essstr.blob.core.windows.net/essimg/350x/Small/Pic916010.jpg,1,2026-08-07
keells,16,12,143,80979,912357,Green Hills Chopped Mukunuwanna 150g,GREEN HILLS CHOPPED MUKUNUWANNA 150G,160.0,NO,1.0,999.0,1.0,0.0,0.07,True,True,False,False,False,0,0,0,V,VWM,VWM66,https://essstr.blob.core.windows.net/essimg/350x/Small/Pic912357.jpg,1,2026-08-07
keells,16,13,144,79774,912350,Green Hills Kankun 150g,GREEN HILLS KANKUN 150G,160.0,NO,1.0,999.0,1.0,0.0,0.07,True,True,False,False,False,0,0,0,V,VWM,VWM66,https://essstr.blob.core.windows.net/essimg/350x/Small/Pic912350.jpg,1,2026-08-07
keells,16,13,145,80671,912355,Green Plus Agri Abalone Mushroom,GREEN PLUS AGRI ABALONE MUSHROOM,240.0,NO,1.0,999.0,1.0,0.0,0.0,True,True,False,False,False,0,0,0,V,VWM,VWM66,https://essstr.blob.core.windows.net/essimg/350x/Small/Pic912355.jpg,1,2026-08-07
keells,16,13,146,82912,912375,Greensence Packeted Gotukola,GREENSENCE PACKETED GOTUKOLA,160.0,NO,1.0,999.0,1.0,0.0,0.0,True,True,False,False,False,0,0,0,V,VWM,VWM66,https://essstr.blob.core.windows.net/essimg/350x/Small/Pic912375.jpg,1,2026-08-07
keells,16,13,147,82911,912374,Greensence Packeted Kankun,GREENSENCE PACKETED KANKUN,160.0,NO,1.0,999.0,1.0,0.0,0.0,True,True,False,False,False,0,0,0,V,VWM,VWM66,https://essstr.blob.core.windows.net/essimg/350x/Small/Pic912374.jpg,1,2026-08-07
keells,16,13,148,82913,912376,Greensence Packeted Mukunuwenna,GREENSENCE PACKETED MUKUNUWENNA,160.0,NO,1.0,999.0,1.0,0.0,0.0,True,True,False,False,False,0,0,0,V,VWM,VWM66,https://essstr.blob.core.windows.net/essimg/350x/Small/Pic912376.jpg,1,2026-08-07
keells,16,13,149,82914,912377,Greensence Packeted Thebbu,GREENSENCE PACKETED THEBBU,160.0,NO,1.0,999.0,1.0,0.0,0.0,True,True,False,False,False,0,0,0,V,VWM,VWM66,https://essstr.blob.core.windows.net/essimg/350x/Small/Pic912377.jpg,1,2026-08-07
keells,16,13,150,83553,912379,Happy Leaf Gotukola 125g,HAPPY LEAF GOTUKOLA 125G,135.0,NO,1.0,999.0,1.0,0.0,0.0,True,True,False,False,False,0,0,0,V,VWM,VWM66,https://essstr.blob.core.windows.net/essimg/350x/Small/Pic912379.jpg,1,2026-08-07
keells,16,13,151,83552,912378,Happy Leaf Kankun 150g,HAPPY LEAF KANKUN 150G,135.0,NO,1.0,999.0,1.0,0.0,0.0,True,True,False,False,False,0,0,0,V,VWM,VWM66,https://essstr.blob.core.windows.net/essimg/350x/Small/Pic912378.jpg,1,2026-08-07
keells,16,13,152,83554,912380,Happy Leaf Katurumurunga 150g,HAPPY LEAF KATURUMURUNGA 150G,135.0,NO,1.0,999.0,1.0,0.0,0.0,True,True,False,False,False,0,0,0,V,VWM,VWM66,https://essstr.blob.core.windows.net/essimg/350x/Small/Pic912380.jpg,1,2026-08-07
keells,16,13,153,83555,916095,Happy Leaf Mukunuwenna 150g,HAPPY LEAF MUKUNUWENNA 150G,135.0,NO,1.0,999.0,1.0,0.0,0.0,True,True,False,False,False,0,0,0,V,VWM,VWM66,https://essstr.blob.core.windows.net/essimg/350x/Small/Pic916095.jpg,1,2026-08-07
keells,16,13,154,70027,916011,Hathawariya,HATHAWARIYA,150.0,NO,1.0,99.0,1.0,0.0,0.0,True,True,False,False,False,0,0,0,V,VWB,VWB66,https://essstr.blob.core.windows.net/essimg/350x/Small/Pic916011.jpg,1,2026-08-07
keells,16,13,155,83129,916086,Heavenly Baby Corn 150g,HEAVENLY BABY CORN 150G,490.0,NO,1.0,999.0,1.0,0.0,0.0,True,True,False,False,False,0,0,0,V,VWM,VWM66,https://essstr.blob.core.windows.net/essimg/350x/Small/Pic916086.jpg,1,2026-08-07
keells,16,14,156,70028,916012,Higurala,HIGURALA,540.0,KG,0.5,99.0,0.5,0.0,0.0,True,True,False,False,False,0,0,0,V,VWB,VWB66,https://essstr.blob.core.windows.net/essimg/350x/Small/Pic916012.jpg,1,2026-08-07
keells,16,14,157,77281,914066,Honest Green Frilly Iceberg 225g,HONEST GREEN FRILLY ICEBERG 225G,785.0,NO,0.5,5.0,0.5,0.0,0.07,True,True,False,False,False,0,0,0,V,VWM,VWM66,https://essstr.blob.core.windows.net/essimg/350x/Small/Pic914066.jpg,1,2026-08-07
keells,16,14,158,83186,916081,Honest Green Rasa Kola Healthy Salad Mix,HONEST GREEN RASA KOLA HEALTHY SALAD MIX,300.0,NO,1.0,999.0,1.0,0.0,0.0,True,True,False,False,False,0,0,0,V,VWM,VWM66,https://essstr.blob.core.windows.net/essimg/350x/Small/Pic916081.jpg,1,2026-08-07
keells,16,14,159,72959,913148,Honest Greens Lettuce Mix,HONEST GREENS LETTUCE MIX,660.0,NO,1.0,5.0,1.0,0.0,0.07,True,True,False,False,False,0,0,0,V,VWM,VWM66,https://essstr.blob.core.windows.net/essimg/350x/Small/Pic913148.jpg,1,2026-08-07
keells,16,14,160,72960,913149,Honest Greens Supergreens Mix 100g,HONEST GREENS SUPERGREENS MIX 100G,745.0,NO,1.0,5.0,1.0,0.0,0.07,True,True,False,False,False,0,0,0,V,VWM,VWM66,https://essstr.blob.core.windows.net/essimg/350x/Small/Pic913149.jpg,1,2026-08-07
keells,16,14,161,40397,913072,Jagro Bell Pepper Assorted,JAGRO BELL PEPPER ASSORTED,2950.0,KG,0.45,5.0,0.45,0.0,0.03,True,True,False,False,False,0,0,0,V,VWM,VWM66,https://essstr.blob.core.windows.net/essimg/350x/Small/Pic913072.jpg,1,2026-08-07
keells,16,14,162,40367,913044,Jagro Cherry Tomatoes,JAGRO CHERRY TOMATOES,2000.0,KG,0.25,5.0,0.25,0.0,0.0,True,True,False,False,False,0,0,0,V,VWM,VWM66,https://essstr.blob.core.windows.net/essimg/350x/Small/Pic913044.jpg,1,2026-08-07
keells,16,14,163,74200,913165,Jagro Corriander (25G),JAGRO CORRIANDER (25G),200.0,NO,1.0,5.0,1.0,0.0,0.07,True,True,False,False,False,0,0,0,V,VWM,VWM66,https://essstr.blob.core.windows.net/essimg/350x/Small/Pic913165.jpg,1,2026-08-07
keells,16,14,164,75016,913172,Jagro Fresh Basil,JAGRO FRESH BASIL,200.0,NO,1.0,5.0,1.0,0.0,0.07,True,True,False,False,False,0,0,0,V,VWM,VWM66,https://essstr.blob.core.windows.net/essimg/350x/Small/Pic913172.jpg,1,2026-08-07
keells,16,14,165,74199,913164,Jagro Fresh Mint (25G),JAGRO FRESH MINT (25G),200.0,NO,1.0,5.0,1.0,0.0,0.07,True,True,False,False,False,0,0,0,V,VWM,VWM66,https://essstr.blob.core.windows.net/essimg/350x/Small/Pic913164.jpg,1,2026-08-07
keells,16,14,166,74198,913163,Jagro Fresh Rosemary (25G),JAGRO FRESH ROSEMARY (25G),200.0,NO,1.0,5.0,1.0,0.0,0.13,True,True,False,False,False,0,0,0,V,VWM,VWM66,https://essstr.blob.core.windows.net/essimg/350x/Small/Pic913163.jpg,1,2026-08-07
keells,16,14,167,40368,913045,Jagro Green Batavia Lettuce,JAGRO GREEN BATAVIA LETTUCE,1780.0,KG,0.5,5.0,0.5,0.0,0.02,True,True,False,False,False,0,0,0,V,VWM,VWM66,https://essstr.blob.core.windows.net/essimg/350x/Small/Pic913045.jpg,1,2026-08-07
keells,16,15,168,72883,913147,Jagro Iceberg Lettuce,JAGRO ICEBERG LETTUCE,4450.0,KG,1.0,5.0,1.0,0.0,0.04,True,True,False,False,False,0,0,0,V,VWM,VWM66,https://essstr.blob.core.windows.net/essimg/350x/Small/Pic913147.jpg,1,2026-08-07
keells,16,15,169,40371,913048,Jagro Leaf Lettuce,JAGRO LEAF LETTUCE,535.0,KG,0.5,99.0,0.5,0.0,0.0,True,True,False,False,False,0,0,0,V,VWB,VWB66,https://essstr.blob.core.windows.net/essimg/350x/Small/Pic913048.jpg,1,2026-08-07
keells,16,15,170,40599,914054,Jagro Lemon,JAGRO LEMON,875.0,KG,0.25,5.0,0.25,0.0,0.02,True,True,False,False,False,0,0,0,V,VWM,VWM66,https://essstr.blob.core.windows.net/essimg/350x/Small/Pic914054.jpg,1,2026-08-07
keells,16,15,171,40373,913050,Jagro Red Batavia Lettuce,JAGRO RED BATAVIA LETTUCE,1780.0,KG,0.5,5.0,0.5,0.0,0.02,True,True,False,False,False,0,0,0,V,VWM,VWM66,https://essstr.blob.core.windows.net/essimg/350x/Small/Pic913050.jpg,1,2026-08-07
keells,16,15,172,40374,913051,Jagro Red Oak Lettuce,JAGRO RED OAK LETTUCE,1780.0,KG,0.5,5.0,0.5,0.0,0.02,True,True,False,False,False,0,0,0,V,VWM,VWM66,https://essstr.blob.core.windows.net/essimg/350x/Small/Pic913051.jpg,1,2026-08-07
keells,16,15,173,40416,913091,Jagro Rocket Lettuce 50g,JAGRO ROCKET LETTUCE 50G,157.5,NO,1.0,5.0,1.0,0.0,0.13,True,True,False,False,False,0,0,0,V,VWM,VWM66,https://essstr.blob.core.windows.net/essimg/350x/Small/Pic913091.jpg,1,2026-08-07
keells,16,15,174,74284,913167,Jagro Spinach,JAGRO SPINACH,3150.0,KG,0.5,5.0,0.5,0.0,0.0,True,True,False,False,False,0,0,0,V,VWM,VWM66,https://essstr.blob.core.windows.net/essimg/350x/Small/Pic913167.jpg,1,2026-08-07
keells,16,15,175,4622,912029,Janitha Abalone Mushroom 200g,JANITHA ABALONE MUSHROOM 200G,250.0,NO,1.0,99.0,1.0,0.0,0.07,True,True,False,False,False,0,0,0,V,VWM,VWM66,https://essstr.blob.core.windows.net/essimg/350x/Small/Pic912029.jpg,1,2026-08-07
keells,16,15,176,4624,912030,Janitha Ameri. Oyster Mushroom 200g,JANITHA AMERI. OYSTER MUSHROOM 200G,210.0,NO,1.0,99.0,1.0,0.0,0.0,True,True,False,False,False,0,0,0,V,VWM,VWM66,https://essstr.blob.core.windows.net/essimg/350x/Small/Pic912030.jpg,1,2026-08-07
keells,16,15,177,70033,916017,Kalawan Pala,KALAWAN PALA,85.0,NO,1.0,99.0,1.0,0.0,0.0,True,True,False,False,False,0,0,0,V,VWB,VWB66,https://essstr.blob.core.windows.net/essimg/350x/Small/Pic916017.jpg,1,2026-08-07
keells,16,15,178,70039,916022,Kohila Dalu,KOHILA DALU,98.0,NO,1.0,99.0,1.0,0.0,0.07,True,True,False,False,False,0,0,0,V,VWB,VWB66,https://essstr.blob.core.windows.net/essimg/350x/Small/Pic916022.jpg,1,2026-08-07
keells,16,15,179,40376,913053,Korean (Long) Raddish,KOREAN (LONG) RADDISH,420.0,KG,1.0,99.0,1.0,0.92,0.07,True,True,False,False,False,0,0,0,V,VWB,VWB66,https://essstr.blob.core.windows.net/essimg/350x/Small/Pic913053.jpg,1,2026-08-07
keells,16,16,180,4643,912048,Lahiru Abalone Fresh Mushroom 200g,LAHIRU ABALONE FRESH MUSHROOM 200G,230.0,NO,1.0,99.0,1.0,0.0,0.0,True,True,False,False,False,0,0,0,V,VWM,VWM66,https://essstr.blob.core.windows.net/essimg/350x/Small/Pic912048.jpg,1,2026-08-07
keells,16,16,181,4644,912049,Lahiru Oyster Fresh Mushroom 200g,LAHIRU OYSTER FRESH MUSHROOM 200G,200.0,NO,1.0,99.0,1.0,0.0,0.0,True,True,False,False,False,0,0,0,V,VWM,VWM66,https://essstr.blob.core.windows.net/essimg/350x/Small/Pic912049.jpg,1,2026-08-07
keells,16,16,182,83116,916084,Lassana Agri Cherry Tomato 200g,LASSANA AGRI CHERRY TOMATO 200G,635.0,NO,1.0,999.0,1.0,0.0,0.0,True,True,False,False,False,0,0,0,V,VWM,VWM66,https://essstr.blob.core.windows.net/essimg/350x/Small/Pic916084.jpg,1,2026-08-07
keells,16,16,183,83040,916080,Lassana Agri Green Oak Lettuce 80g,LASSANA AGRI GREEN OAK LETTUCE 80G,395.0,NO,1.0,999.0,1.0,0.0,0.0,True,True,False,False,False,0,0,0,V,VWM,VWM66,https://essstr.blob.core.windows.net/essimg/350x/Small/Pic916080.jpg,1,2026-08-07
keells,16,16,184,79949,916151,Lassana Agri Hydroponic Wild Roket 30g,LASSANA AGRI HYDROPONIC WILD ROKET 30G,250.0,NO,1.0,999.0,1.0,0.0,0.07,True,True,False,False,False,0,0,0,V,VWM,VWM66,https://essstr.blob.core.windows.net/essimg/350x/Small/Pic916151.jpg,1,2026-08-07
keells,16,16,185,83037,916076,Lassana Agri Red Batavia Lettuce 120g,LASSANA AGRI RED BATAVIA LETTUCE 120G,460.0,NO,1.0,999.0,1.0,0.0,0.0,True,True,False,False,False,0,0,0,V,VWM,VWM66,https://essstr.blob.core.windows.net/essimg/350x/Small/Pic916076.jpg,1,2026-08-07
keells,16,16,186,83038,916077,Lassana Agri Red Coral Lettuce 100g,LASSANA AGRI RED CORAL LETTUCE 100G,500.0,NO,1.0,999.0,1.0,0.0,0.0,True,True,False,False,False,0,0,0,V,VWM,VWM66,https://essstr.blob.core.windows.net/essimg/350x/Small/Pic916077.jpg,1,2026-08-07
keells,16,16,187,83019,916079,Lassana Agri Red Oak Lettuce 80g,LASSANA AGRI RED OAK LETTUCE 80G,395.0,NO,1.0,999.0,1.0,0.0,0.07,True,True,False,False,False,0,0,0,V,VWM,VWM66,https://essstr.blob.core.windows.net/essimg/350x/Small/Pic916079.jpg,1,2026-08-07
keells,16,16,188,40574,914030,Long Beans,LONG BEANS,390.0,KG,0.2,5.0,0.1,0.0,0.19,True,True,False,False,False,0,0,0,V,VWB,VWB66,https://essstr.blob.core.windows.net/essimg/350x/Small/Pic914030.jpg,1,2026-08-07
keells,16,16,189,70043,916026,Lunuiwila Leaves,LUNUIWILA LEAVES,85.0,NO,1.0,99.0,1.0,0.0,0.0,True,True,False,False,False,0,0,0,V,VWB,VWB66,https://essstr.blob.core.windows.net/essimg/350x/Small/Pic916026.jpg,1,2026-08-07
keells,16,16,190,70048,916030,Maniok Leaves,MANIOK LEAVES,98.0,NO,1.0,99.0,1.0,0.0,0.0,True,True,False,False,False,0,0,0,V,VWB,VWB66,https://essstr.blob.core.windows.net/essimg/350x/Small/Pic916030.jpg,1,2026-08-07
keells,16,16,191,40205,912232,Maridi Abalon Mushroom 200g,MARIDI ABALON MUSHROOM 200G,250.0,NO,1.0,99.0,1.0,0.0,0.0,True,True,False,False,False,0,0,0,V,VWM,VWM66,https://essstr.blob.core.windows.net/essimg/350x/Small/Pic912232.jpg,1,2026-08-07
keells,16,17,192,40206,912233,Maridi Oyster Mushroom 200g,MARIDI OYSTER MUSHROOM 200G,210.0,NO,1.0,99.0,1.0,0.0,0.0,True,True,False,False,False,0,0,0,V,VWM,VWM66,https://essstr.blob.core.windows.net/essimg/350x/Small/Pic912233.jpg,1,2026-08-07
keells,16,17,193,70049,916031,Mellakola,MELLAKOLA,100.0,NO,1.0,99.0,1.0,0.0,0.0,True,True,False,False,False,0,0,0,V,VWB,VWB66,https://essstr.blob.core.windows.net/essimg/350x/Small/Pic916031.jpg,1,2026-08-07
keells,16,17,194,70052,916034,Neeramulliya,NEERAMULLIYA,95.0,NO,1.0,99.0,1.0,0.0,0.0,True,True,False,False,False,0,0,0,V,VWB,VWB66,https://essstr.blob.core.windows.net/essimg/350x/Small/Pic916034.jpg,1,2026-08-07
keells,16,17,195,40578,914034,Nivithi,NIVITHI,190.0,KG,1.0,99.0,1.0,0.0,0.03,True,True,False,False,False,0,0,0,V,VWB,VWB66,https://essstr.blob.core.windows.net/essimg/350x/Small/Pic914034.jpg,1,2026-08-07
keells,16,17,196,82179,912373,Omeeto  Cooking Cashew 100g,OMEETO  COOKING CASHEW 100G,995.0,NO,1.0,999.0,1.0,0.0,0.0,True,True,False,False,False,0,0,0,V,VWM,VWM66,https://essstr.blob.core.windows.net/essimg/350x/Small/Pic912373.jpg,1,2026-08-07
keells,16,17,197,81147,912369,Omeeto Cooking Cashew 200g,OMEETO COOKING CASHEW 200G,1995.0,NO,1.0,999.0,1.0,0.0,0.0,True,True,False,False,False,0,0,0,V,VWM,VWM66,https://essstr.blob.core.windows.net/essimg/350x/Small/Pic912369.jpg,1,2026-08-07
keells,16,17,198,81148,912370,Omeeto Cooking Cashew 500g,OMEETO COOKING CASHEW 500G,4595.0,NO,1.0,999.0,1.0,0.0,0.0,True,True,False,False,False,0,0,0,V,VWM,VWM66,https://essstr.blob.core.windows.net/essimg/350x/Small/Pic912370.jpg,1,2026-08-07
keells,16,17,199,4517,911112,Organic Aguna Kola,ORGANIC AGUNA KOLA,140.0,NO,1.0,99.0,1.0,0.0,0.0,True,True,False,False,False,0,0,0,V,VWM,VWMHD,https://essstr.blob.core.windows.net/essimg/350x/Small/Pic911112.jpg,1,2026-08-07
keells,16,17,200,4396,911003,Organic Baby Carrots,ORGANIC BABY CARROTS,900.0,KG,0.5,99.0,0.5,0.0,0.0,True,True,False,False,False,0,0,0,V,VWB,VWBHD,https://essstr.blob.core.windows.net/essimg/350x/Small/Pic911003.jpg,1,2026-08-07
keells,16,17,201,4399,911006,Organic Beetroot,ORGANIC BEETROOT,730.0,KG,0.43,99.0,0.43,0.0,0.03,True,True,False,False,False,0,0,0,V,VWB,VWBHD,https://essstr.blob.core.windows.net/essimg/350x/Small/Pic911006.jpg,1,2026-08-07
keells,16,17,202,4408,911014,Organic Brinjals,ORGANIC BRINJALS,840.0,KG,0.43,99.0,0.43,0.0,0.02,True,True,False,False,False,0,0,0,V,VWB,VWBHD,https://essstr.blob.core.windows.net/essimg/350x/Small/Pic911014.jpg,1,2026-08-07
keells,16,17,203,4411,911017,Organic Cabbage,ORGANIC CABBAGE,400.0,KG,0.6,99.0,0.6,0.0,0.04,True,True,False,False,False,0,0,0,V,VWB,VWBHD,https://essstr.blob.core.windows.net/essimg/350x/Small/Pic911017.jpg,1,2026-08-07
keells,16,18,204,4413,911019,Organic Capsicum,ORGANIC CAPSICUM,1160.0,KG,0.23,99.0,0.23,0.0,0.03,True,True,False,False,False,0,0,0,V,VWB,VWBHD,https://essstr.blob.core.windows.net/essimg/350x/Small/Pic911019.jpg,1,2026-08-07
keells,16,18,205,4415,911020,Organic Carrot,ORGANIC CARROT,680.0,KG,0.43,99.0,0.43,0.0,0.03,True,True,False,False,False,0,0,0,V,VWB,VWBHD,https://essstr.blob.core.windows.net/essimg/350x/Small/Pic911020.jpg,1,2026-08-07
keells,16,18,206,4424,911029,Organic Cucumber,ORGANIC CUCUMBER,250.0,KG,0.45,99.0,0.45,0.0,0.03,True,True,False,False,False,0,0,0,V,VWB,VWBHD,https://essstr.blob.core.windows.net/essimg/350x/Small/Pic911029.jpg,1,2026-08-07
keells,16,18,207,4427,911031,Organic Dambala,ORGANIC DAMBALA,800.0,KG,0.2,99.0,0.2,0.0,0.01,True,True,False,False,False,0,0,0,V,VWB,VWBHD,https://essstr.blob.core.windows.net/essimg/350x/Small/Pic911031.jpg,1,2026-08-07
keells,16,18,208,4437,911040,Organic Gotukola,ORGANIC GOTUKOLA,135.0,NO,1.0,99.0,1.0,0.0,0.13,True,True,False,False,False,0,0,0,V,VWM,VWMHD,https://essstr.blob.core.windows.net/essimg/350x/Small/Pic911040.jpg,1,2026-08-07
keells,16,18,209,4438,911041,Organic Green Beans,ORGANIC GREEN BEANS,890.0,KG,0.25,99.0,0.25,0.0,0.02,True,True,False,False,False,0,0,0,V,VWB,VWBHD,https://essstr.blob.core.windows.net/essimg/350x/Small/Pic911041.jpg,1,2026-08-07
keells,16,18,210,4439,911042,Organic Green Chilies,ORGANIC GREEN CHILIES,2170.0,KG,0.1,99.0,0.1,0.0,0.01,True,True,False,False,False,0,0,0,V,VWB,VWBHD,https://essstr.blob.core.windows.net/essimg/350x/Small/Pic911042.jpg,1,2026-08-07
keells,16,18,211,4445,911048,Organic Kankun,ORGANIC KANKUN,130.0,NO,1.0,99.0,1.0,0.0,0.13,True,True,False,False,False,0,0,0,V,VWM,VWMHD,https://essstr.blob.core.windows.net/essimg/350x/Small/Pic911048.jpg,1,2026-08-07
keells,16,18,212,4446,911049,Organic Kathurumurunga,ORGANIC KATHURUMURUNGA,140.0,NO,1.0,99.0,1.0,0.0,0.07,True,True,False,False,False,0,0,0,V,VWM,VWMHD,https://essstr.blob.core.windows.net/essimg/350x/Small/Pic911049.jpg,1,2026-08-07
keells,16,18,213,4456,911058,Organic Ladies Fingers,ORGANIC LADIES FINGERS,300.0,KG,0.2,99.0,0.2,0.0,0.01,True,True,False,False,False,0,0,0,V,VWB,VWBHD,https://essstr.blob.core.windows.net/essimg/350x/Small/Pic911058.jpg,1,2026-08-07
keells,16,18,214,4457,911059,Organic Leeks,ORGANIC LEEKS,550.0,KG,0.45,99.0,0.45,0.0,0.03,True,True,False,False,False,0,0,0,V,VWB,VWBHD,https://essstr.blob.core.windows.net/essimg/350x/Small/Pic911059.jpg,1,2026-08-07
keells,16,18,215,4461,911062,Organic Lettuce,ORGANIC LETTUCE,1100.0,KG,0.2,99.0,0.2,0.0,0.0,True,True,False,False,False,0,0,0,V,VWB,VWBHD,https://essstr.blob.core.windows.net/essimg/350x/Small/Pic911062.jpg,1,2026-08-07
keells,16,19,216,4470,911070,Organic Mukunuwenna,ORGANIC MUKUNUWENNA,125.0,NO,1.0,99.0,1.0,0.0,0.13,True,True,False,False,False,0,0,0,V,VWM,VWMHD,https://essstr.blob.core.windows.net/essimg/350x/Small/Pic911070.jpg,1,2026-08-07
keells,16,19,217,4481,911080,Organic Potato,ORGANIC POTATO,670.0,KG,0.43,99.0,0.43,0.0,0.03,True,True,False,False,False,0,0,0,V,VWB,VWBHD,https://essstr.blob.core.windows.net/essimg/350x/Small/Pic911080.jpg,1,2026-08-07
keells,16,19,218,4482,911081,Organic Pumpkin,ORGANIC PUMPKIN,360.0,KG,3.0,99.0,3.0,0.0,0.6,True,True,False,False,False,0,0,0,V,VWB,VWBHD,https://essstr.blob.core.windows.net/essimg/350x/Small/Pic911081.jpg,1,2026-08-07
keells,16,19,219,4498,911096,Organic Sweet Potato,ORGANIC SWEET POTATO,450.0,KG,0.43,99.0,0.43,0.0,0.03,True,True,False,False,False,0,0,0,V,VWB,VWBHD,https://essstr.blob.core.windows.net/essimg/350x/Small/Pic911096.jpg,1,2026-08-07
keells,16,19,220,4508,911104,Organic Tomato,ORGANIC TOMATO,850.0,KG,0.28,99.0,0.28,0.0,0.02,True,True,False,False,False,0,0,0,V,VWB,VWBHD,https://essstr.blob.core.windows.net/essimg/350x/Small/Pic911104.jpg,1,2026-08-07
keells,16,19,221,72986,912279,Paradise Abalone Mushroom 200g,PARADISE ABALONE MUSHROOM 200G,220.0,NO,1.0,99.0,1.0,0.0,0.0,True,True,False,False,False,0,0,0,V,VWM,VWM66,https://essstr.blob.core.windows.net/essimg/350x/Small/Pic912279.jpg,1,2026-08-07
keells,16,19,222,70054,916036,Passion Leaves,PASSION LEAVES,80.0,NO,1.0,99.0,1.0,0.0,0.0,True,True,False,False,False,0,0,0,V,VWB,VWB66,https://essstr.blob.core.windows.net/essimg/350x/Small/Pic916036.jpg,1,2026-08-07
keells,16,19,223,73781,916063,Perfectly Imperfect Bell Pepper Green,PERFECTLY IMPERFECT BELL PEPPER GREEN,900.0,KG,0.3,5.0,0.3,0.0,0.04,True,True,False,False,False,0,0,0,V,VWB,VWB66,https://essstr.blob.core.windows.net/essimg/350x/Small/Pic916063.jpg,1,2026-08-07
keells,16,19,224,73838,916070,Perfectly Imperfect Bell Pepper Red,PERFECTLY IMPERFECT BELL PEPPER RED,1230.0,KG,0.3,5.0,0.3,0.0,0.02,True,True,False,False,False,0,0,0,V,VWB,VWB66,https://essstr.blob.core.windows.net/essimg/350x/Small/Pic916070.jpg,1,2026-08-07
keells,16,19,225,73784,916065,Perfectly Imperfect Brinjals,PERFECTLY IMPERFECT BRINJALS,410.0,KG,0.5,5.0,0.5,0.0,0.07,True,True,False,False,False,0,0,0,V,VWB,VWB66,https://essstr.blob.core.windows.net/essimg/350x/Small/Pic916065.jpg,1,2026-08-07
keells,16,19,226,73792,916060,Perfectly Imperfect Capsicum,PERFECTLY IMPERFECT CAPSICUM,650.0,KG,0.4,5.0,0.4,0.0,0.02,True,True,False,False,False,0,0,0,V,VWB,VWB66,https://essstr.blob.core.windows.net/essimg/350x/Small/Pic916060.jpg,1,2026-08-07
keells,16,19,227,73787,916058,Perfectly Imperfect Carrots,PERFECTLY IMPERFECT CARROTS,310.0,KG,0.5,5.0,0.5,0.0,0.14,True,True,False,False,False,0,0,0,V,VWB,VWB66,https://essstr.blob.core.windows.net/essimg/350x/Small/Pic916058.jpg,1,2026-08-07
keells,16,20,228,73790,916064,Perfectly Imperfect Tomatoes,PERFECTLY IMPERFECT TOMATOES,260.0,KG,0.5,5.0,0.5,0.0,0.07,True,True,False,False,False,0,0,0,V,VWB,VWB66,https://essstr.blob.core.windows.net/essimg/350x/Small/Pic916064.jpg,1,2026-08-07
keells,16,20,229,79672,912351,Pm Dry Mushroom 50g,PM DRY MUSHROOM 50G,475.0,NO,1.0,999.0,1.0,0.0,0.0,True,True,False,False,False,0,0,0,V,VWM,VWM66,https://essstr.blob.core.windows.net/essimg/350x/Small/Pic912351.jpg,1,2026-08-07
keells,16,20,230,73859,912290,Pm Oyster Mushroom 200g,PM OYSTER MUSHROOM 200G,215.0,NO,1.0,999.0,1.0,0.0,0.0,True,True,False,False,False,0,0,0,V,VWM,VWM66,https://essstr.blob.core.windows.net/essimg/350x/Small/Pic912290.jpg,1,2026-08-07
keells,16,20,231,70055,916037,Pol Pala,POL PALA,95.0,NO,1.0,99.0,1.0,0.0,0.0,True,True,False,False,False,0,0,0,V,VWB,VWB66,https://essstr.blob.core.windows.net/essimg/350x/Small/Pic916037.jpg,1,2026-08-07
keells,16,20,232,40548,914005,Pre-Packed Big Onions,PRE-PACKED BIG ONIONS,340.0,KG,1.0,5.0,1.0,0.0,0.28,True,True,False,False,False,0,0,0,V,VWB,VWB66,https://essstr.blob.core.windows.net/essimg/350x/Small/Pic914005.jpg,1,2026-08-07
keells,16,20,233,70059,916040,Rampe,RAMPE,70.0,NO,1.0,99.0,1.0,0.0,0.07,True,True,False,False,False,0,0,0,V,VWB,VWB66,https://essstr.blob.core.windows.net/essimg/350x/Small/Pic916040.jpg,1,2026-08-07
keells,16,20,234,4659,912062,Rancrisp Cooking Cashew 200g,RANCRISP COOKING CASHEW 200G,1730.0,NO,1.0,99.0,1.0,0.0,0.0,True,True,False,False,False,0,0,0,V,VWM,VWM66,https://essstr.blob.core.windows.net/essimg/350x/Small/Pic912062.jpg,1,2026-08-07
keells,16,20,235,40386,913062,Red Raddish,RED RADDISH,1790.0,KG,1.0,99.0,1.0,0.0,0.0,True,True,False,False,False,0,0,0,V,VWB,VWB66,https://essstr.blob.core.windows.net/essimg/350x/Small/Pic913062.jpg,1,2026-08-07
keells,16,20,236,40387,913063,Red Salad Leaves,RED SALAD LEAVES,1050.0,KG,1.0,99.0,1.0,0.0,0.0,True,True,False,False,False,0,0,0,V,VWB,VWB66,https://essstr.blob.core.windows.net/essimg/350x/Small/Pic913063.jpg,1,2026-08-07
keells,16,20,237,40388,913064,Rhubarb,RHUBARB,500.0,KG,1.0,99.0,1.0,0.0,0.07,True,True,False,False,False,0,0,0,V,VWB,VWB66,https://essstr.blob.core.windows.net/essimg/350x/Small/Pic913064.jpg,1,2026-08-07
keells,16,20,238,4719,912117,Rosemary 25g,ROSEMARY 25G,100.0,NO,1.0,5.0,1.0,0.0,0.07,True,True,False,False,False,0,0,0,V,VWM,VWM66,https://essstr.blob.core.windows.net/essimg/350x/Small/Pic912117.jpg,1,2026-08-07
keells,16,20,239,4664,912067,Samanga Bean Sprout 200g,SAMANGA BEAN SPROUT 200G,250.0,NO,1.0,99.0,1.0,0.0,0.07,True,True,False,False,False,0,0,0,V,VWM,VWM66,https://essstr.blob.core.windows.net/essimg/350x/Small/Pic912067.jpg,1,2026-08-07
keells,16,21,240,70062,916043,Sarana,SARANA,95.0,NO,1.0,99.0,1.0,0.0,0.0,True,True,False,False,False,0,0,0,V,VWB,VWB66,https://essstr.blob.core.windows.net/essimg/350x/Small/Pic916043.jpg,1,2026-08-07
keells,16,21,241,4675,912077,Star American Oyster Mushroom 200g,STAR AMERICAN OYSTER MUSHROOM 200G,240.0,NO,1.0,99.0,1.0,0.0,0.13,True,True,False,False,False,0,0,0,V,VWM,VWM66,https://essstr.blob.core.windows.net/essimg/350x/Small/Pic912077.jpg,1,2026-08-07
keells,16,21,242,40592,914048,Sweet Corn,SWEET CORN,500.0,KG,0.6,5.0,0.3,0.0,0.06,True,True,False,False,False,0,0,0,V,VWB,VWB66,https://essstr.blob.core.windows.net/essimg/350x/Small/Pic914048.jpg,1,2026-08-07
keells,16,21,243,70063,916044,Tamarind,TAMARIND,160.0,NO,1.0,99.0,1.0,0.0,0.07,True,True,False,False,False,0,0,0,V,VWM,VWM66,https://essstr.blob.core.windows.net/essimg/350x/Small/Pic916044.jpg,1,2026-08-07
keells,16,21,244,40595,914050,Thalana Batu,THALANA BATU,460.0,KG,0.3,99.0,0.1,0.0,0.17,True,True,False,False,False,0,0,0,V,VWB,VWB66,https://essstr.blob.core.windows.net/essimg/350x/Small/Pic914050.jpg,1,2026-08-07
keells,16,21,245,70067,916048,Thora Leaves,THORA LEAVES,80.0,NO,1.0,99.0,1.0,0.0,0.0,True,True,False,False,False,0,0,0,V,VWB,VWB66,https://essstr.blob.core.windows.net/essimg/350x/Small/Pic916048.jpg,1,2026-08-07
keells,16,21,246,81108,912368,Three Star Beans Sprout,THREE STAR BEANS SPROUT,260.0,NO,1.0,999.0,1.0,0.0,0.0,True,True,False,False,False,0,0,0,V,VWM,VWM66,https://essstr.blob.core.windows.net/essimg/350x/Small/Pic912368.jpg,1,2026-08-07
keells,16,21,247,4702,912100,Three Star Kathurumurunga Pkt 100g,THREE STAR KATHURUMURUNGA PKT 100G,150.0,NO,1.0,99.0,1.0,0.0,0.07,True,True,False,False,False,0,0,0,V,VWM,VWM66,https://essstr.blob.core.windows.net/essimg/350x/Small/Pic912100.jpg,1,2026-08-07
keells,16,21,248,4704,912102,Three Star Mukunuwenna Pkt 150g,THREE STAR MUKUNUWENNA PKT 150G,150.0,NO,1.0,99.0,1.0,0.0,0.07,True,True,False,False,False,0,0,0,V,VWM,VWM66,https://essstr.blob.core.windows.net/essimg/350x/Small/Pic912102.jpg,1,2026-08-07
keells,16,21,249,40231,912257,Three Star Polos Pkt 250g,THREE STAR POLOS PKT 250G,150.0,NO,1.0,99.0,1.0,0.0,0.07,True,True,False,False,False,0,0,0,V,VWM,VWM66,https://essstr.blob.core.windows.net/essimg/350x/Small/Pic912257.jpg,1,2026-08-07
keells,16,21,250,4720,912118,Thyme 25g,THYME 25G,70.0,NO,1.0,5.0,1.0,0.0,0.07,True,True,False,False,False,0,0,0,V,VWM,VWM66,https://essstr.blob.core.windows.net/essimg/350x/Small/Pic912118.jpg,1,2026-08-07
keells,16,21,251,40597,914052,Tib Batu,TIB BATU,620.0,KG,0.2,5.0,0.1,0.0,0.01,True,True,False,False,False,0,0,0,V,VWB,VWB66,https://essstr.blob.core.windows.net/essimg/350x/Small/Pic914052.jpg,1,2026-08-07
keells,16,22,252,4707,912105,Vegetable Value Pack,VEGETABLE VALUE PACK,310.0,NO,1.0,99.0,1.0,0.0,0.07,True,True,False,False,False,0,0,0,V,VWM,VWM66,https://essstr.blob.core.windows.net/essimg/350x/Small/Pic912105.jpg,1,2026-08-07
keells,16,22,253,70071,916051,Welpenela,WELPENELA,95.0,NO,1.0,99.0,1.0,0.0,0.0,True,True,False,False,False,0,0,0,V,VWB,VWB66,https://essstr.blob.core.windows.net/essimg/350x/Small/Pic916051.jpg,1,2026-08-07
keells,16,22,254,40395,913070,Yellow Zucchini,YELLOW ZUCCHINI,780.0,KG,0.5,99.0,0.3,0.24,0.03,True,True,False,False,False,0,0,0,V,VWB,VWB66,https://essstr.blob.core.windows.net/essimg/350x/Small/Pic913070.jpg,1,2026-08-07
